id_key;codigo_region;region;codigo_provincia;provincia;codigo_comina;comuna;poblacion_censada;nunca_asistio;diferncial;parvularia;basica;media;superior;nivel_educativo_no_declarado
1;0;País;0;País;0;País;18480432;552698;100691;821251;4432723;6745582;5711299;116188
2;1;Tarapacá;11;Iquique;1101;Iquique;199587;4930;864;9521;37191;77013;67982;2086
3;1;Tarapacá;11;Iquique;1107;Alto Hospicio;142086;5508;888;9262;37348;64848;23283;949
4;1;Tarapacá;14;Del Tamarugal;1401;Pozo Almonte;16878;640;48;1042;4770;7485;2784;109
5;1;Tarapacá;14;Del Tamarugal;1402;Camiña;1335;91;4;78;614;437;109;2
6;1;Tarapacá;14;Del Tamarugal;1403;Colchane;790;86;0;51;356;234;60;3
7;1;Tarapacá;14;Del Tamarugal;1404;Huara;2858;187;5;174;1019;1123;329;21
8;1;Tarapacá;14;Del Tamarugal;1405;Pica;6272;188;31;401;1751;2678;1203;20
9;2;Antofagasta;21;Antofagasta;2101;Antofagasta;401096;11718;2014;18122;79160;158525;128545;3012
10;2;Antofagasta;21;Antofagasta;2102;Mejillones;14084;518;70;791;3613;6588;2439;65
11;2;Antofagasta;21;Antofagasta;2103;Sierra Gorda;1472;69;2;83;392;669;241;16
12;2;Antofagasta;21;Antofagasta;2104;Taltal;12097;393;48;538;3391;5478;2189;60
13;2;Antofagasta;22;El Loa;2201;Calama;166334;6260;770;6947;35489;69100;46192;1576
14;2;Antofagasta;22;El Loa;2202;Ollagüe;256;9;0;5;84;103;51;4
15;2;Antofagasta;22;El Loa;2203;San Pedro de Atacama;9843;420;26;541;2308;4030;2417;101
16;2;Antofagasta;23;Tocopilla;2301;Tocopilla;25400;608;179;1271;6617;11785;4846;94
17;2;Antofagasta;23;Tocopilla;2302;María Elena;4834;152;9;205;1047;2308;1099;14
18;3;Atacama;31;Copiapó;3101;Copiapó;168831;5199;818;7851;39229;65796;48771;1167
19;3;Atacama;31;Copiapó;3102;Caldera;18805;466;81;933;4725;7719;4726;155
20;3;Atacama;31;Copiapó;3103;Tierra Amarilla;11846;446;44;634;3794;5280;1611;37
21;3;Atacama;32;Chañaral;3201;Chañaral;12345;329;104;643;3409;5301;2493;66
22;3;Atacama;32;Chañaral;3202;Diego de Almagro;11397;298;50;587;2863;4895;2625;79
23;3;Atacama;33;Huasco;3301;Vallenar;54222;1948;431;2608;13812;23256;11801;366
24;3;Atacama;33;Huasco;3302;Alto del Carmen;4788;293;10;149;1684;2040;594;18
25;3;Atacama;33;Huasco;3303;Freirina;7577;319;31;356;2404;3261;1176;30
26;3;Atacama;33;Huasco;3304;Huasco;9369;248;44;449;2501;3979;2054;94
27;4;Coquimbo;41;Elqui;4101;La Serena;250141;6088;1383;10996;50540;89235;90164;1735
28;4;Coquimbo;41;Elqui;4102;Coquimbo;263719;6963;1757;12212;58879;103778;78679;1451
29;4;Coquimbo;41;Elqui;4103;Andacollo;11566;416;25;486;3702;4796;2125;16
30;4;Coquimbo;41;Elqui;4104;La Higuera;4335;278;16;176;1657;1690;490;28
31;4;Coquimbo;41;Elqui;4105;Paiguano;4649;112;14;201;1394;1874;1030;24
32;4;Coquimbo;41;Elqui;4106;Vicuña;28047;955;95;1238;8341;11725;5528;165
33;4;Coquimbo;42;Choapa;4201;Illapel;32009;1134;161;1449;9972;12492;6705;96
34;4;Coquimbo;42;Choapa;4202;Canela;9639;662;20;287;4316;3051;1280;23
35;4;Coquimbo;42;Choapa;4203;Los Vilos;22879;892;124;1167;6895;8678;5052;71
36;4;Coquimbo;42;Choapa;4204;Salamanca;27823;975;123;1251;9566;10506;5307;95
37;4;Coquimbo;43;Limarí;4301;Ovalle;118696;3737;613;5318;34924;47960;25269;875
38;4;Coquimbo;43;Limarí;4302;Combarbalá;12954;588;35;462;5370;4314;2138;47
39;4;Coquimbo;43;Limarí;4303;Monte Patria;29997;1407;117;1180;12546;10861;3848;38
40;4;Coquimbo;43;Limarí;4304;Punitaqui;12076;573;84;465;4622;4575;1728;29
41;4;Coquimbo;43;Limarí;4305;Río Hurtado;4334;262;12;126;1839;1485;605;5
42;5;Valparaíso;51;Valparaíso;5101;Valparaíso;284938;6309;2038;10571;54737;110136;98601;2546
43;5;Valparaíso;51;Valparaíso;5102;Casablanca;29876;884;176;1488;7797;11713;7535;283
44;5;Valparaíso;51;Valparaíso;5103;Concón;48294;1024;193;2089;7816;13496;23189;487
45;5;Valparaíso;51;Valparaíso;5104;Juan Fernández;904;10;3;60;232;296;290;13
46;5;Valparaíso;51;Valparaíso;5105;Puchuncaví;22539;643;140;986;5762;8863;5942;203
47;5;Valparaíso;51;Valparaíso;5107;Quintero;35754;1036;281;1626;8588;14026;9862;335
48;5;Valparaíso;51;Valparaíso;5109;Viña del Mar;334871;7106;1945;12316;57232;114685;139115;2472
49;5;Valparaíso;52;Isla de Pascua;5201;Isla de Pascua;4800;112;14;325;910;1683;1531;225
50;5;Valparaíso;53;Los Andes;5301;Los Andes;63440;1516;361;2827;13771;25288;19308;369
51;5;Valparaíso;53;Los Andes;5302;Calle Larga;16597;482;92;813;4450;6532;4164;64
52;5;Valparaíso;53;Los Andes;5303;Rinconada;11855;361;55;639;3407;4160;3194;39
53;5;Valparaíso;53;Los Andes;5304;San Esteban;20112;627;84;873;5577;7575;5316;60
54;5;Valparaíso;54;Petorca;5401;La Ligua;39270;1274;184;1792;11585;15080;9211;144
55;5;Valparaíso;54;Petorca;5402;Cabildo;20015;828;119;909;6357;7874;3896;32
56;5;Valparaíso;54;Petorca;5403;Papudo;7561;219;29;331;2172;2918;1870;22
57;5;Valparaíso;54;Petorca;5404;Petorca;10206;449;30;423;3244;3983;2058;19
58;5;Valparaíso;54;Petorca;5405;Zapallar;7980;220;20;409;2206;2794;2279;52
59;5;Valparaíso;55;Quillota;5501;Quillota;96753;2381;658;4374;22715;36703;29187;735
60;5;Valparaíso;55;Quillota;5502;Calera;50631;1499;344;2294;12880;21055;12202;357
61;5;Valparaíso;55;Quillota;5503;Hijuelas;19286;743;115;966;6143;7379;3887;53
62;5;Valparaíso;55;Quillota;5504;La Cruz;24939;678;114;1200;5323;8241;9289;94
63;5;Valparaíso;55;Quillota;5506;Nogales;22136;758;158;858;6507;9349;4347;159
64;5;Valparaíso;56;San Antonio;5601;San Antonio;96770;2927;646;4151;23822;41689;22946;589
65;5;Valparaíso;56;San Antonio;5602;Algarrobo;16076;463;58;575;3180;5553;6062;185
66;5;Valparaíso;56;San Antonio;5603;Cartagena;24599;801;164;947;6966;11073;4470;178
67;5;Valparaíso;56;San Antonio;5604;El Quisco;18971;531;136;625;3907;7753;5818;201
68;5;Valparaíso;56;San Antonio;5605;El Tabo;16260;457;123;490;3752;6913;4395;130
69;5;Valparaíso;56;San Antonio;5606;Santo Domingo;13171;354;46;645;3187;4025;4801;113
70;5;Valparaíso;57;San Felipe de Aconcagua;5701;San Felipe;80413;2243;591;3858;19460;31629;22162;470
71;5;Valparaíso;57;San Felipe de Aconcagua;5702;Catemu;13760;453;67;607;4503;5791;2293;46
72;5;Valparaíso;57;San Felipe de Aconcagua;5703;Llaillay;25484;804;160;1292;7611;9983;5554;80
73;5;Valparaíso;57;San Felipe de Aconcagua;5704;Panquehue;7269;238;47;296;2351;2923;1380;34
74;5;Valparaíso;57;San Felipe de Aconcagua;5705;Putaendo;17336;582;102;768;4887;6834;4084;79
75;5;Valparaíso;57;San Felipe de Aconcagua;5706;Santa María;15134;405;120;678;4686;6206;3001;38
76;5;Valparaíso;58;Marga Marga;5801;Quilpué;162559;3349;1000;6137;27815;59470;63438;1350
77;5;Valparaíso;58;Marga Marga;5802;Limache;56145;1576;432;2585;13115;20933;17005;499
78;5;Valparaíso;58;Marga Marga;5803;Olmué;19778;583;155;843;5288;7401;5376;132
79;5;Valparaíso;58;Marga Marga;5804;Villa Alemana;139571;3234;988;5683;25302;51155;52460;749
80;6;Libertador General Bernardo O'Higgins;61;Cachapoal;6101;Rancagua;257744;7515;1571;11042;57303;97593;81313;1407
81;6;Libertador General Bernardo O'Higgins;61;Cachapoal;6102;Codegua;13955;438;93;636;4604;5140;3015;29
82;6;Libertador General Bernardo O'Higgins;61;Cachapoal;6103;Coinco;7916;323;45;316;2661;2784;1747;40
83;6;Libertador General Bernardo O'Higgins;61;Cachapoal;6104;Coltauco;21373;898;106;903;7586;8184;3651;45
84;6;Libertador General Bernardo O'Higgins;61;Cachapoal;6105;Doñihue;21925;702;101;998;6251;8770;5014;89
85;6;Libertador General Bernardo O'Higgins;61;Cachapoal;6106;Graneros;35938;1227;225;1597;9765;14252;8633;239
86;6;Libertador General Bernardo O'Higgins;61;Cachapoal;6107;Las Cabras;27554;1248;107;1131;9644;10973;4377;74
87;6;Libertador General Bernardo O'Higgins;61;Cachapoal;6108;Machalí;60875;1659;284;3151;12994;16828;25581;378
88;6;Libertador General Bernardo O'Higgins;61;Cachapoal;6109;Malloa;13882;531;84;586;5118;5114;2440;9
89;6;Libertador General Bernardo O'Higgins;61;Cachapoal;6110;Mostazal;27394;1021;165;1221;8218;11125;5590;54
90;6;Libertador General Bernardo O'Higgins;61;Cachapoal;6111;Olivar;13901;480;53;565;4359;4920;3505;19
91;6;Libertador General Bernardo O'Higgins;61;Cachapoal;6112;Peumo;14243;543;44;553;4785;5793;2512;13
92;6;Libertador General Bernardo O'Higgins;61;Cachapoal;6113;Pichidegua;20363;863;95;844;7882;7472;3153;54
93;6;Libertador General Bernardo O'Higgins;61;Cachapoal;6114;Quinta de Tilcoco;13558;506;93;551;4751;4960;2685;12
94;6;Libertador General Bernardo O'Higgins;61;Cachapoal;6115;Rengo;63620;2385;419;3034;19040;23670;14843;229
95;6;Libertador General Bernardo O'Higgins;61;Cachapoal;6116;Requínoa;29508;1049;188;1426;9569;10409;6811;56
96;6;Libertador General Bernardo O'Higgins;61;Cachapoal;6117;San Vicente;49559;1645;276;2113;15147;19376;10849;153
97;6;Libertador General Bernardo O'Higgins;62;Cardenal Caro;6201;Pichilemu;19847;795;65;905;5209;6766;5923;184
98;6;Libertador General Bernardo O'Higgins;62;Cardenal Caro;6202;La Estrella;4609;166;11;177;1656;1746;849;4
99;6;Libertador General Bernardo O'Higgins;62;Cardenal Caro;6203;Litueche;8852;364;45;360;3055;3222;1785;21
100;6;Libertador General Bernardo O'Higgins;62;Cardenal Caro;6204;Marchihue;8715;528;20;379;3042;3122;1605;19
101;6;Libertador General Bernardo O'Higgins;62;Cardenal Caro;6205;Navidad;8885;315;37;377;2917;3081;2149;9
102;6;Libertador General Bernardo O'Higgins;62;Cardenal Caro;6206;Paredones;7228;512;39;261;2942;2411;1048;15
103;6;Libertador General Bernardo O'Higgins;63;Colchagua;6301;San Fernando;75585;2260;469;3594;19637;30403;18732;490
104;6;Libertador General Bernardo O'Higgins;63;Colchagua;6302;Chépica;15668;838;87;640;5933;5546;2618;6
105;6;Libertador General Bernardo O'Higgins;63;Colchagua;6303;Chimbarongo;37258;1418;232;1728;13498;13946;6378;58
106;6;Libertador General Bernardo O'Higgins;63;Colchagua;6304;Lolol;7791;520;29;278;2917;2692;1345;10
107;6;Libertador General Bernardo O'Higgins;63;Colchagua;6305;Nancagua;18723;697;100;881;6413;7307;3238;87
108;6;Libertador General Bernardo O'Higgins;63;Colchagua;6306;Palmilla;13060;518;51;506;4844;5070;2037;34
109;6;Libertador General Bernardo O'Higgins;63;Colchagua;6307;Peralillo;12493;519;46;545;4206;4737;2419;21
110;6;Libertador General Bernardo O'Higgins;63;Colchagua;6308;Placilla;9438;354;34;436;3463;3487;1628;36
111;6;Libertador General Bernardo O'Higgins;63;Colchagua;6309;Pumanque;4559;239;12;143;1855;1489;818;3
112;6;Libertador General Bernardo O'Higgins;63;Colchagua;6310;Santa Cruz;41209;1504;190;1934;12039;15663;9790;89
113;7;Maule;71;Talca;7101;Talca;232131;6735;1305;10886;51714;82917;77348;1226
114;7;Maule;71;Talca;7102;Constitución;47004;1791;295;2328;14622;18744;8865;359
115;7;Maule;71;Talca;7103;Curepto;9519;438;35;319;4135;3102;1485;5
116;7;Maule;71;Talca;7104;Empedrado;3990;270;9;190;1641;1342;536;2
117;7;Maule;71;Talca;7105;Maule;61081;1909;309;3670;16449;22294;16160;290
118;7;Maule;71;Talca;7106;Pelarco;9229;479;36;390;3359;3391;1503;71
119;7;Maule;71;Talca;7107;Pencahue;9181;521;25;390;3373;3133;1736;3
120;7;Maule;71;Talca;7108;Río Claro;14276;814;78;570;5817;5047;1895;55
121;7;Maule;71;Talca;7109;San Clemente;47380;2338;243;2164;17637;17240;7551;207
122;7;Maule;71;Talca;7110;San Rafael;11230;536;45;494;4100;4066;1961;28
123;7;Maule;72;Cauquenes;7201;Cauquenes;42798;1893;238;1889;14436;15530;8723;89
124;7;Maule;72;Cauquenes;7202;Chanco;9446;491;19;352;4242;2933;1408;1
125;7;Maule;72;Cauquenes;7203;Pelluhue;8578;401;37;357;3042;2782;1920;39
126;7;Maule;73;Curicó;7301;Curicó;159968;4737;798;8140;43007;58355;44356;575
127;7;Maule;73;Curicó;7302;Hualañé;10775;508;49;470;4030;3597;2075;46
128;7;Maule;73;Curicó;7303;Licantén;6892;225;27;323;2343;2481;1484;9
129;7;Maule;73;Curicó;7304;Molina;48949;1836;291;2381;15744;19312;9172;213
130;7;Maule;73;Curicó;7305;Rauco;11266;481;45;556;4205;4034;1925;20
131;7;Maule;73;Curicó;7306;Romeral;17233;735;71;837;6099;6073;3386;32
132;7;Maule;73;Curicó;7307;Sagrada Familia;19427;800;112;938;7644;6926;2954;53
133;7;Maule;73;Curicó;7308;Teno;30113;1455;135;1304;11469;11083;4619;48
134;7;Maule;73;Curicó;7309;Vichuquén;4716;175;9;181;1865;1493;979;14
135;7;Maule;74;Linares;7401;Linares;96744;2743;503;4675;28031;35823;24563;406
136;7;Maule;74;Linares;7402;Colbún;22637;780;107;1041;8533;8186;3879;111
137;7;Maule;74;Linares;7403;Longaví;33299;1646;120;1378;13958;11758;4355;84
138;7;Maule;74;Linares;7404;Parral;45323;1960;273;2029;15563;16066;9362;70
139;7;Maule;74;Linares;7405;Retiro;22310;1016;102;926;9320;8037;2867;42
140;7;Maule;74;Linares;7406;San Javier;49559;2014;381;2279;16734;18361;9559;231
141;7;Maule;74;Linares;7407;Villa Alegre;17919;605;88;930;6655;6440;3111;90
142;7;Maule;74;Linares;7408;Yerbas Buenas;20035;932;89;838;8390;6982;2746;58
143;8;Biobío;81;Concepción;8101;Concepción;230375;4688;1141;8376;38611;69040;107730;789
144;8;Biobío;81;Concepción;8102;Coronel;123648;3958;748;5985;31940;48057;32760;200
145;8;Biobío;81;Concepción;8103;Chiguayante;85822;2010;467;3610;17525;29206;32760;244
146;8;Biobío;81;Concepción;8104;Florida;12958;584;44;515;4701;4171;2923;20
147;8;Biobío;81;Concepción;8105;Hualqui;25795;1006;221;1087;7970;9611;5812;88
148;8;Biobío;81;Concepción;8106;Lota;39980;1251;298;1654;12040;16002;8677;58
149;8;Biobío;81;Concepción;8107;Penco;48971;1374;285;2200;12410;18939;13698;65
150;8;Biobío;81;Concepción;8108;San Pedro de La paz;150992;4192;931;7705;32697;45225;59659;583
151;8;Biobío;81;Concepción;8109;Santa Juana;14947;693;82;642;5456;4881;3169;24
152;8;Biobío;81;Concepción;8110;Talcahuano;147322;3857;931;5888;30289;53519;52505;333
153;8;Biobío;81;Concepción;8111;Tomé;56907;1670;289;2118;15062;21791;15903;74
154;8;Biobío;81;Concepción;8112;Hualpén;87731;1914;625;3295;17772;32853;31056;216
155;8;Biobío;82;Arauco;8201;Lebu;25246;973;163;1092;8885;9218;4890;25
156;8;Biobío;82;Arauco;8202;Arauco;37163;1461;185;2006;11907;12815;8740;49
157;8;Biobío;82;Arauco;8203;Cañete;34640;1779;154;1453;12476;11954;6783;41
158;8;Biobío;82;Arauco;8204;Contulmo;5905;324;19;193;2285;1992;1082;10
159;8;Biobío;82;Arauco;8205;Curanilahue;31119;1470;171;1434;9861;11665;6488;30
160;8;Biobío;82;Arauco;8206;Los Álamos;21950;1037;114;1034;7881;8118;3734;32
161;8;Biobío;82;Arauco;8207;Tirúa;10208;679;22;417;4373;3077;1633;7
162;8;Biobío;83;Biobío;8301;Los Ángeles;219441;7824;1345;10166;58457;81470;59420;759
163;8;Biobío;83;Biobío;8302;Antuco;4373;159;12;151;1494;1668;866;23
164;8;Biobío;83;Biobío;8303;Cabrero;31256;1485;95;1258;10072;12096;6231;19
165;8;Biobío;83;Biobío;8304;Laja;23706;1133;165;1062;7282;8757;5269;38
166;8;Biobío;83;Biobío;8305;Mulchén;29036;1353;162;1233;10403;11298;4556;31
167;8;Biobío;83;Biobío;8306;Nacimiento;26140;1245;152;1208;7959;9763;5781;32
168;8;Biobío;83;Biobío;8307;Negrete;10723;545;45;468;3885;4007;1756;17
169;8;Biobío;83;Biobío;8308;Quilaco;4440;193;15;179;1676;1709;657;11
170;8;Biobío;83;Biobío;8309;Quilleco;9700;440;34;370;3447;3883;1510;16
171;8;Biobío;83;Biobío;8310;San Rosendo;3575;111;22;120;1099;1392;827;4
172;8;Biobío;83;Biobío;8311;Santa Bárbara;14075;677;47;633;4888;5236;2568;26
173;8;Biobío;83;Biobío;8312;Tucapel;15729;464;83;714;5241;6187;3000;40
174;8;Biobío;83;Biobío;8313;Yumbel;23170;1100;77;781;7853;8677;4650;32
175;8;Biobío;83;Biobío;8314;Alto Biobío;6016;751;36;214;2498;1984;533;0
176;9;La Araucanía;91;Cautín;9101;Temuco;292518;7302;1334;13465;59458;99792;109081;2086
177;9;La Araucanía;91;Cautín;9102;Carahue;24957;1243;118;1088;9850;8973;3555;130
178;9;La Araucanía;91;Cautín;9103;Cunco;19177;649;45;815;6712;7575;3277;104
179;9;La Araucanía;91;Cautín;9104;Curarrehue;7733;331;13;372;3205;2711;1078;23
180;9;La Araucanía;91;Cautín;9105;Freire;26164;1039;123;1066;10148;9401;4255;132
181;9;La Araucanía;91;Cautín;9106;Galvarino;12710;856;53;542;5139;4617;1481;22
182;9;La Araucanía;91;Cautín;9107;Gorbea;14148;465;58;580;4734;5572;2701;38
183;9;La Araucanía;91;Cautín;9108;Lautaro;41936;1661;182;1983;12805;16317;8791;197
184;9;La Araucanía;91;Cautín;9109;Loncoche;25158;836;146;1112;8607;9900;4402;155
185;9;La Araucanía;91;Cautín;9110;Melipeuco;6796;259;8;294;2586;2411;1212;26
186;9;La Araucanía;91;Cautín;9111;Nueva Imperial;33988;1521;172;1673;11313;13066;6111;132
187;9;La Araucanía;91;Cautín;9112;Padre Las Casas;80656;3134;336;3864;24585;31724;16771;242
188;9;La Araucanía;91;Cautín;9113;Perquenco;7438;320;24;296;2661;2932;1184;21
189;9;La Araucanía;91;Cautín;9114;Pitrufquén;27041;833;104;1276;8342;10436;5853;197
190;9;La Araucanía;91;Cautín;9115;Pucón;32321;969;97;1513;8348;11528;9597;269
191;9;La Araucanía;91;Cautín;9116;Saavedra;12877;711;34;480;5492;4670;1435;55
192;9;La Araucanía;91;Cautín;9117;Teodoro Schmidt;15639;674;50;578;6825;5531;1955;26
193;9;La Araucanía;91;Cautín;9118;Toltén;10041;427;28;372;4146;3568;1495;5
194;9;La Araucanía;91;Cautín;9119;Vilcún;31575;1137;142;1487;10575;11928;6221;85
195;9;La Araucanía;91;Cautín;9120;Villarrica;67737;2158;249;3335;18715;25158;17681;441
196;9;La Araucanía;91;Cautín;9121;Cholchol;13167;717;41;621;5048;4757;1935;48
197;9;La Araucanía;92;Malleco;9201;Angol;53022;1860;276;2654;14914;20558;12465;295
198;9;La Araucanía;92;Malleco;9202;Collipulli;24303;1163;125;1047;9026;9414;3416;112
199;9;La Araucanía;92;Malleco;9203;Curacautín;18536;633;120;836;6093;7095;3709;50
200;9;La Araucanía;92;Malleco;9204;Ercilla;7730;457;30;378;3097;2750;992;26
201;9;La Araucanía;92;Malleco;9205;Lonquimay;10247;656;47;465;4191;3365;1471;52
202;9;La Araucanía;92;Malleco;9206;Los Sauces;7348;421;22;366;3074;2422;1024;19
203;9;La Araucanía;92;Malleco;9207;Lumaco;9253;682;26;390;4212;2971;940;32
204;9;La Araucanía;92;Malleco;9208;Purén;12184;513;74;624;4763;4239;1947;24
205;9;La Araucanía;92;Malleco;9209;Renaico;10686;452;54;544;3923;3925;1754;34
206;9;La Araucanía;92;Malleco;9210;Traiguén;18873;860;99;924;6690;6807;3352;141
207;9;La Araucanía;92;Malleco;9211;Victoria;34464;1255;179;1649;10817;13040;7424;100
208;10;Los Lagos;101;Llanquihue;10101;Puerto Montt;277040;7519;1271;13937;69366;100513;82641;1793
209;10;Los Lagos;101;Llanquihue;10102;Calbuco;36474;1465;91;1567;14521;13013;5726;91
210;10;Los Lagos;101;Llanquihue;10103;Cochamó;4199;181;10;136;1718;1430;716;8
211;10;Los Lagos;101;Llanquihue;10104;Fresia;12320;570;29;515;4888;4480;1806;32
212;10;Los Lagos;101;Llanquihue;10105;Frutillar;22554;783;93;1098;7352;7730;5375;123
213;10;Los Lagos;101;Llanquihue;10106;Los Muermos;17162;734;46;618;7501;5702;2538;23
214;10;Los Lagos;101;Llanquihue;10107;Llanquihue;18088;622;61;818;5565;6694;4256;72
215;10;Los Lagos;101;Llanquihue;10108;Maullín;15063;537;25;521;6308;5620;2043;9
216;10;Los Lagos;101;Llanquihue;10109;Puerto Varas;52942;1432;223;3104;12627;15008;20116;432
217;10;Los Lagos;102;Chiloé;10201;Castro;46997;1196;287;1945;13569;17820;11870;310
218;10;Los Lagos;102;Chiloé;10202;Ancud;40949;1108;230;1704;13533;15550;8637;187
219;10;Los Lagos;102;Chiloé;10203;Chonchi;16078;511;83;583;6281;5511;3045;64
220;10;Los Lagos;102;Chiloé;10204;Curaco de Vélez;3662;125;12;139;1491;1231;661;3
221;10;Los Lagos;102;Chiloé;10205;Dalcahue;14894;462;57;634;5861;5478;2357;45
222;10;Los Lagos;102;Chiloé;10206;Puqueldón;4048;103;10;141;1893;1353;537;11
223;10;Los Lagos;102;Chiloé;10207;Queilén;5690;211;26;225;2577;1777;869;5
224;10;Los Lagos;102;Chiloé;10208;Quellón;28460;1250;90;1349;10766;10785;4072;148
225;10;Los Lagos;102;Chiloé;10209;Quemchi;8409;251;19;288;3852;2888;1107;4
226;10;Los Lagos;102;Chiloé;10210;Quinchao;7678;215;34;257;3354;2415;1384;19
227;10;Los Lagos;103;Osorno;10301;Osorno;166455;4641;934;7404;43185;60864;48422;1005
228;10;Los Lagos;103;Osorno;10302;Puerto Octay;8865;329;28;342;3432;3207;1490;37
229;10;Los Lagos;103;Osorno;10303;Purranque;19542;673;88;835;7308;6839;3748;51
230;10;Los Lagos;103;Osorno;10304;Puyehue;11712;505;51;414;4294;4409;2015;24
231;10;Los Lagos;103;Osorno;10305;Río Negro;13874;479;83;523;5010;5088;2629;62
232;10;Los Lagos;103;Osorno;10306;San Juan de la Costa;7776;460;22;183;3726;2627;733;25
233;10;Los Lagos;103;Osorno;10307;San Pablo;10883;392;68;414;4119;3848;2002;40
234;10;Los Lagos;104;Palena;10401;Chaitén;4025;187;6;145;1514;1280;831;62
235;10;Los Lagos;104;Palena;10402;Futaleufú;3062;127;7;160;896;1025;833;14
236;10;Los Lagos;104;Palena;10403;Hualaihué;9480;340;21;461;3739;3348;1546;25
237;10;Los Lagos;104;Palena;10404;Palena;1903;77;6;80;696;618;423;3
238;11;Aysén del General Carlos Ibáñez del Campo;111;Coyhaique;11101;Coyhaique;57823;1571;273;3203;15451;18914;18024;387
239;11;Aysén del General Carlos Ibáñez del Campo;111;Coyhaique;11102;Lago Verde;779;58;1;20;269;301;127;3
240;11;Aysén del General Carlos Ibáñez del Campo;112;Aysén;11201;Aysén;23170;674;112;1167;7109;8403;5544;161
241;11;Aysén del General Carlos Ibáñez del Campo;112;Aysén;11202;Cisnes;5137;147;3;269;1744;1792;1166;16
242;11;Aysén del General Carlos Ibáñez del Campo;112;Aysén;11203;Guaitecas;1598;53;4;82;612;563;283;1
243;11;Aysén del General Carlos Ibáñez del Campo;113;Capitán Prat;11301;Cochrane;3458;159;3;228;1038;1074;950;6
244;11;Aysén del General Carlos Ibáñez del Campo;113;Capitán Prat;11302;O'Higgins;647;30;3;35;195;209;173;2
245;11;Aysén del General Carlos Ibáñez del Campo;113;Capitán Prat;11303;Tortel;505;27;0;32;154;153;139;0
246;11;Aysén del General Carlos Ibáñez del Campo;114;General Carrera;11401;Chile Chico;4905;151;15;241;1594;1611;1266;27
247;11;Aysén del General Carlos Ibáñez del Campo;114;General Carrera;11402;Río Ibáñez;2723;125;5;131;947;868;640;7
248;12;Magallanes y de la Antártica Chilena;121;Magallanes;12101;Punta Arenas;132363;2174;716;6190;27711;49803;44727;1042
249;12;Magallanes y de la Antártica Chilena;121;Magallanes;12102;Laguna Blanca;269;7;0;2;53;121;76;10
250;12;Magallanes y de la Antártica Chilena;121;Magallanes;12103;Río Verde;102;6;1;0;43;28;24;0
251;12;Magallanes y de la Antártica Chilena;121;Magallanes;12104;San Gregorio;241;9;0;5;75;92;60;0
252;12;Magallanes y de la Antártica Chilena;122;Antártica Chilena;12201;Cabo de Hornos;1750;19;1;167;363;467;722;11
253;12;Magallanes y de la Antártica Chilena;122;Antártica Chilena;12202;Antártica;60;0;0;0;0;6;54;0
254;12;Magallanes y de la Antártica Chilena;123;Tierra del Fuego;12301;Porvenir;6809;136;10;383;1911;2589;1769;11
255;12;Magallanes y de la Antártica Chilena;123;Tierra del Fuego;12302;Primavera;431;8;0;18;144;180;81;0
256;12;Magallanes y de la Antártica Chilena;123;Tierra del Fuego;12303;Timaukel;157;6;0;8;43;39;61;0
257;12;Magallanes y de la Antártica Chilena;124;Última Esperanza;12401;Natales;24152;505;105;1184;6276;9242;6705;135
258;12;Magallanes y de la Antártica Chilena;124;Última Esperanza;12402;Torres del Paine;203;6;0;7;42;72;76;0
259;13;Metropolitana de Santiago;131;Santiago;13101;Santiago;438856;10326;1177;14535;53186;133702;222369;3561
260;13;Metropolitana de Santiago;131;Santiago;13102;Cerrillos;85041;2444;717;4159;19804;34537;22327;1053
261;13;Metropolitana de Santiago;131;Santiago;13103;Cerro Navia;127250;4464;1081;5600;35861;58217;20807;1220
262;13;Metropolitana de Santiago;131;Santiago;13104;Conchalí;121587;3390;814;4873;27793;53410;30661;646
263;13;Metropolitana de Santiago;131;Santiago;13105;El Bosque;155257;4764;1343;6887;39794;68022;33466;981
264;13;Metropolitana de Santiago;131;Santiago;13106;Estación Central;181049;6561;800;7932;33371;72847;57558;1980
265;13;Metropolitana de Santiago;131;Santiago;13107;Huechuraba;101808;2517;489;5018;22550;32343;38222;669
266;13;Metropolitana de Santiago;131;Santiago;13108;Independencia;116943;3821;476;4910;19342;47139;40437;818
267;13;Metropolitana de Santiago;131;Santiago;13109;La Cisterna;103157;2892;485;4195;17262;37119;40011;1193
268;13;Metropolitana de Santiago;131;Santiago;13110;La Florida;374836;8503;2122;14851;69221;127408;149975;2756
269;13;Metropolitana de Santiago;131;Santiago;13111;La Granja;112022;3297;921;4577;28841;50096;23503;787
270;13;Metropolitana de Santiago;131;Santiago;13112;La Pintana;175421;6463;1541;8938;55286;78519;23383;1291
271;13;Metropolitana de Santiago;131;Santiago;13113;La Reina;89870;1346;404;4098;12963;17857;52383;819
272;13;Metropolitana de Santiago;131;Santiago;13114;Las Condes;296134;5200;756;13095;30477;47186;196279;3141
273;13;Metropolitana de Santiago;131;Santiago;13115;Lo Barnechea;112620;2252;324;6220;20211;23843;57923;1847
274;13;Metropolitana de Santiago;131;Santiago;13116;Lo Espejo;87295;2894;706;3910;24474;40853;13903;555
275;13;Metropolitana de Santiago;131;Santiago;13117;Lo Prado;91290;2496;765;3495;22217;40633;21124;560
276;13;Metropolitana de Santiago;131;Santiago;13118;Macul;123800;2482;559;4782;19761;38084;57135;997
277;13;Metropolitana de Santiago;131;Santiago;13119;Maipú;503635;11088;2776;18888;92445;193038;182394;3006
278;13;Metropolitana de Santiago;131;Santiago;13120;Ñuñoa;241467;3974;649;9493;23243;41547;160410;2151
279;13;Metropolitana de Santiago;131;Santiago;13121;Pedro Aguirre Cerda;96062;2558;583;3968;23054;42426;22764;709
280;13;Metropolitana de Santiago;131;Santiago;13122;Peñalolén;236478;5529;1480;9876;54604;84422;78945;1622
281;13;Metropolitana de Santiago;131;Santiago;13123;Providencia;143974;2243;319;5541;10966;18593;105493;819
282;13;Metropolitana de Santiago;131;Santiago;13124;Pudahuel;227820;6565;1556;9452;53360;92810;62459;1618
283;13;Metropolitana de Santiago;131;Santiago;13125;Quilicura;205624;5827;1395;9097;43685;83557;60775;1288
284;13;Metropolitana de Santiago;131;Santiago;13126;Quinta Normal;129351;3633;737;5472;24717;54426;38953;1413
285;13;Metropolitana de Santiago;131;Santiago;13127;Recoleta;154615;4397;943;6455;33921;66267;40956;1676
286;13;Metropolitana de Santiago;131;Santiago;13128;Renca;143622;4183;1160;7266;38034;62316;29755;908
287;13;Metropolitana de Santiago;131;Santiago;13129;San Joaquín;95602;2281;568;3777;19907;38820;29659;590
288;13;Metropolitana de Santiago;131;Santiago;13130;San Miguel;150829;3708;516;6421;20007;39647;79093;1437
289;13;Metropolitana de Santiago;131;Santiago;13131;San Ramón;76002;2439;555;3026;20783;33975;14621;603
290;13;Metropolitana de Santiago;131;Santiago;13132;Vitacura;86420;1916;181;4955;9508;12120;56735;1005
291;13;Metropolitana de Santiago;132;Cordillera;13201;Puente Alto;568086;14777;3913;24508;124822;221227;175200;3639
292;13;Metropolitana de Santiago;132;Cordillera;13202;Pirque;29060;809;120;1395;6749;9771;9977;239
293;13;Metropolitana de Santiago;132;Cordillera;13203;San José de Maipo;17441;407;82;805;3808;6318;5872;149
294;13;Metropolitana de Santiago;133;Chacabuco;13301;Colina;173293;5980;1174;11044;44138;53965;55560;1432
295;13;Metropolitana de Santiago;133;Chacabuco;13302;Lampa;145160;6357;996;8506;35588;51956;40657;1100
296;13;Metropolitana de Santiago;133;Chacabuco;13303;Tiltil;19742;637;53;1078;5344;7643;4933;54
297;13;Metropolitana de Santiago;134;Maipo;13401;San Bernardo;306371;9947;2165;14671;75491;123927;77881;2289
298;13;Metropolitana de Santiago;134;Maipo;13402;Buin;116969;4295;689;6054;28173;39592;37362;804
299;13;Metropolitana de Santiago;134;Maipo;13403;Calera de Tango;25491;770;117;1078;6386;9078;7900;162
300;13;Metropolitana de Santiago;134;Maipo;13404;Paine;78828;2731;521;3657;22835;29391;19058;635
301;13;Metropolitana de Santiago;135;Melipilla;13501;Melipilla;136325;5556;734;6373;38487;53062;31245;868
302;13;Metropolitana de Santiago;135;Melipilla;13502;Alhué;7768;427;12;390;2375;3063;1481;20
303;13;Metropolitana de Santiago;135;Melipilla;13503;Curacaví;35165;1078;223;1583;9322;12944;9815;200
304;13;Metropolitana de Santiago;135;Melipilla;13504;María Pinto;15352;537;69;738;4920;5894;3147;47
305;13;Metropolitana de Santiago;135;Melipilla;13505;San Pedro;11108;615;26;437;4083;4419;1486;42
306;13;Metropolitana de Santiago;136;Talagante;13601;Talagante;76429;2293;464;3657;18488;29797;21156;574
307;13;Metropolitana de Santiago;136;Talagante;13602;El Monte;37497;1274;269;1778;11074;15107;7745;250
308;13;Metropolitana de Santiago;136;Talagante;13603;Isla de Maipo;39274;1410;180;1911;11203;14941;9433;196
309;13;Metropolitana de Santiago;136;Talagante;13604;Padre Hurtado;81243;3039;452;4274;19204;29694;24109;471
310;13;Metropolitana de Santiago;136;Talagante;13605;Peñaflor;94402;2683;522;4215;21631;36803;27967;581
311;14;Los Ríos;141;Valdivia;14101;Valdivia;170043;3494;843;7737;35009;60676;61139;1145
312;14;Los Ríos;141;Valdivia;14102;Corral;5501;201;10;203;2001;2189;881;16
313;14;Los Ríos;141;Valdivia;14103;Lanco;16876;574;63;763;5370;6741;3296;69
314;14;Los Ríos;141;Valdivia;14104;Los Lagos;21431;938;103;993;7444;8361;3544;48
315;14;Los Ríos;141;Valdivia;14105;Máfil;8074;289;24;360;2588;3144;1657;12
316;14;Los Ríos;141;Valdivia;14106;Mariquina;22973;815;87;1239;7624;8978;4044;186
317;14;Los Ríos;141;Valdivia;14107;Paillaco;19802;802;104;849;6813;7476;3683;75
318;14;Los Ríos;141;Valdivia;14108;Panguipulli;35098;1710;123;1495;12775;12551;6272;172
319;14;Los Ríos;142;Ranco;14201;La Unión;38907;1279;206;1668;12464;14054;9115;121
320;14;Los Ríos;142;Ranco;14202;Futrono;15635;673;58;697;5922;5647;2610;28
321;14;Los Ríos;142;Ranco;14203;Lago Ranco;10527;514;48;421;4228;3558;1714;44
322;14;Los Ríos;142;Ranco;14204;Río Bueno;33363;1219;168;1256;11816;12177;6659;68
323;15;Arica y Parinacota;151;Arica;15101;Arica;241653;6944;1322;11798;51384;96160;71908;2137
324;15;Arica y Parinacota;151;Arica;15102;Camarones;861;45;4;19;272;383;137;1
325;15;Arica y Parinacota;152;Parinacota;15201;Putre;1547;79;2;71;476;629;276;14
326;15;Arica y Parinacota;152;Parinacota;15202;General Lagos;508;78;3;28;250;123;23;3
327;16;Ñuble;161;Diguillín;16101;Chillán;190382;5183;1175;8769;44228;67752;62416;859
328;16;Ñuble;161;Diguillín;16102;Bulnes;23863;885;113;1051;8174;8938;4647;55
329;16;Ñuble;161;Diguillín;16103;Chillán Viejo;32688;957;212;1517;8418;13300;8171;113
330;16;Ñuble;161;Diguillín;16104;El Carmen;13186;629;46;510;5531;4474;1986;10
331;16;Ñuble;161;Diguillín;16105;Pemuco;8930;415;22;384;3458;3276;1348;27
332;16;Ñuble;161;Diguillín;16106;Pinto;12502;456;58;496;4320;4650;2469;53
333;16;Ñuble;161;Diguillín;16107;Quillón;19165;771;55;734;6688;7152;3668;97
334;16;Ñuble;161;Diguillín;16108;San Ignacio;17405;712;54;644;7113;6219;2616;47
335;16;Ñuble;161;Diguillín;16109;Yungay;18680;625;70;787;6074;7424;3641;59
336;16;Ñuble;162;Itata;16201;Quirihue;11746;458;34;489;4404;3979;2374;8
337;16;Ñuble;162;Itata;16202;Cobquecura;5495;278;26;275;2187;1590;1134;5
338;16;Ñuble;162;Itata;16203;Coelemu;15895;687;50;591;5683;5591;3254;39
339;16;Ñuble;162;Itata;16204;Ninhue;5763;280;12;194;2642;1749;884;2
340;16;Ñuble;162;Itata;16205;Portezuelo;5203;207;13;192;2338;1610;840;3
341;16;Ñuble;162;Itata;16206;Ránquil;6508;254;15;245;2573;2265;1144;12
342;16;Ñuble;162;Itata;16207;Trehuaco;6124;239;18;263;2550;2032;1016;6
343;16;Ñuble;163;Punilla;16301;San Carlos;55847;2488;326;2366;18500;21031;10938;198
344;16;Ñuble;163;Punilla;16302;Coihueco;29766;1459;128;1469;11725;9783;5061;141
345;16;Ñuble;163;Punilla;16303;Ñiquén;12797;634;63;424;5656;4441;1549;30
346;16;Ñuble;163;Punilla;16304;San Fabián;5245;371;16;222;1653;1871;1106;6
347;16;Ñuble;163;Punilla;16305;San Nicolás;15099;663;58;615;5561;5455;2681;66