id_key;codigo_region;region;codigo_region;provincia;codigo_comuna;comuna;poblacion_15_anios_o_mas;catolica;evangelica_o_protestante;judia;musulmana;iglesia_de_los_santos_de_los_ultimos_dias;catolica_ortodoxa;budista;hinduista;fe_behai;testigos_de_jehova;otros_cristianos;otras_religiones_o_creadores;ninguna;religios_o_creador_no_declarado
1;cato;País;0;País;0;País;15205784;8168978;2466607;28153;10197;94266;10912;18221;4530;2010;121805;199426;89856;3903308;87515
2;1;Tarapacá;11;Iquique;1101;Iquique;161992;97841;15635;213;753;1174;0;383;386;0;1383;3182;646;38582;1664
3;1;Tarapacá;11;Iquique;1107;Alto Hospicio;105922;55976;19142;134;100;1013;0;75;0;0;990;2242;385;25090;698
4;1;Tarapacá;14;Del Tamarugal;1401;Pozo Almonte;12825;7037;2939;0;0;77;0;0;0;0;124;54;0;2431;80
5;1;Tarapacá;14;Del Tamarugal;1402;Camiña;1000;465;396;0;0;0;0;0;0;0;0;0;0;122;1
6;1;Tarapacá;14;Del Tamarugal;1403;Colchane;596;208;330;0;0;0;0;0;0;0;0;0;0;0;2
7;1;Tarapacá;14;Del Tamarugal;1404;Huara;2160;1314;473;0;0;0;0;0;0;0;0;0;0;298;15
8;1;Tarapacá;14;Del Tamarugal;1405;Pica;4779;3044;769;0;0;0;0;0;0;0;62;67;0;778;11
9;2;Antofagasta;21;Antofagasta;2101;Antofagasta;325286;177927;37833;445;195;2582;110;253;0;0;3212;6897;1151;92229;2337
10;2;Antofagasta;21;Antofagasta;2102;Mejillones;10738;6061;2093;0;0;69;0;0;0;0;81;166;0;2174;41
11;2;Antofagasta;21;Antofagasta;2103;Sierra Gorda;1107;745;88;0;0;0;0;0;0;0;0;0;0;218;10
12;2;Antofagasta;21;Antofagasta;2104;Taltal;9694;5317;1462;0;0;77;0;0;0;0;113;167;63;2406;50
13;2;Antofagasta;22;El Loa;2201;Calama;131544;83274;17794;194;107;978;102;98;0;0;1380;1568;262;24616;1141
14;2;Antofagasta;22;El Loa;2202;Ollagüe;208;156;0;0;0;0;0;0;0;0;0;0;0;0;0
15;2;Antofagasta;22;El Loa;2203;San Pedro de Atacama;7785;4708;872;0;0;0;0;0;0;0;71;68;62;1869;77
16;2;Antofagasta;23;Tocopilla;2301;Tocopilla;20218;11724;3234;0;0;180;0;0;0;0;318;288;0;4314;72
17;2;Antofagasta;23;Tocopilla;2302;María Elena;3884;2502;579;0;0;0;0;0;0;0;51;0;0;708;9
18;3;Atacama;31;Copiapó;3101;Copiapó;135290;79259;15450;159;68;1226;77;147;0;0;898;2082;466;34540;870
19;3;Atacama;31;Copiapó;3102;Caldera;15185;8180;2252;0;0;151;0;0;0;0;121;109;0;4163;100
20;3;Atacama;31;Copiapó;3103;Tierra Amarilla;9390;5617;1337;0;0;75;0;0;0;0;81;84;0;2134;21
21;3;Atacama;32;Chañaral;3201;Chañaral;9839;5992;1295;0;0;98;0;0;0;0;78;0;0;2233;55
22;3;Atacama;32;Chañaral;3202;Diego de Almagro;8985;4765;1381;0;0;0;0;0;0;0;128;0;0;2563;55
23;3;Atacama;33;Huasco;3301;Vallenar;43681;28070;5008;0;0;428;0;0;0;0;421;435;116;8800;273
24;3;Atacama;33;Huasco;3302;Alto del Carmen;4000;2979;301;0;0;0;0;0;0;0;52;0;0;611;8
25;3;Atacama;33;Huasco;3303;Freirina;6088;4229;424;0;0;0;0;0;0;0;75;55;0;1235;22
26;3;Atacama;33;Huasco;3304;Huasco;7619;4647;935;0;0;63;0;0;0;0;83;79;0;1698;64
27;4;Coquimbo;41;Elqui;4101;La Serena;204736;124052;15600;248;165;1375;182;305;0;0;2094;4829;822;53624;1315
28;4;Coquimbo;41;Elqui;4102;Coquimbo;212849;124677;20073;244;109;1203;116;251;0;0;2519;4668;696;57117;1106
29;4;Coquimbo;41;Elqui;4103;Andacollo;9463;7472;561;0;0;0;0;0;0;0;0;55;53;1208;11
30;4;Coquimbo;41;Elqui;4104;La Higuera;3554;2344;299;0;0;0;0;0;0;0;0;0;0;764;17
31;4;Coquimbo;41;Elqui;4105;Paiguano;3884;2747;118;0;0;0;0;0;0;0;51;60;0;805;18
32;4;Coquimbo;41;Elqui;4106;Vicuña;22895;16320;906;0;0;106;0;0;0;0;242;310;71;4750;114
33;4;Coquimbo;42;Choapa;4201;Illapel;26221;16756;2465;0;0;88;0;0;0;0;273;224;82;6212;76
34;4;Coquimbo;42;Choapa;4202;Canela;8184;5847;977;0;0;0;0;0;0;0;0;0;0;1247;13
35;4;Coquimbo;42;Choapa;4203;Los Vilos;18479;11955;1826;0;0;153;0;0;0;0;227;140;87;3998;49
36;4;Coquimbo;42;Choapa;4204;Salamanca;22696;13961;3055;0;0;95;0;0;0;0;179;61;0;5171;65
37;4;Coquimbo;43;Limarí;4301;Ovalle;96401;69471;7514;80;0;710;62;0;0;0;753;890;299;15888;621
38;4;Coquimbo;43;Limarí;4302;Combarbalá;10987;7791;836;0;0;0;0;0;0;0;159;0;0;2034;34
39;4;Coquimbo;43;Limarí;4303;Monte Patria;24547;18278;1844;0;0;63;0;0;0;0;177;162;95;3851;30
40;4;Coquimbo;43;Limarí;4304;Punitaqui;9806;7040;894;0;0;0;0;0;0;0;133;64;0;1590;11
41;4;Coquimbo;43;Limarí;4305;Río Hurtado;3733;2979;140;0;0;0;0;0;0;0;0;0;0;541;0
42;5;Valparaíso;51;Valparaíso;5101;Valparaíso;240661;122752;24791;305;150;1522;148;346;0;0;1998;4043;2086;80368;2026
43;5;Valparaíso;51;Valparaíso;5102;Casablanca;24477;16429;2129;0;0;168;0;0;0;0;336;148;88;4878;216
44;5;Valparaíso;51;Valparaíso;5103;Concón;40441;23762;2932;106;0;195;74;127;0;0;329;793;218;11471;367
45;5;Valparaíso;51;Valparaíso;5104;Juan Fernández;715;308;68;0;0;0;0;0;0;0;0;0;0;254;8
46;5;Valparaíso;51;Valparaíso;5105;Puchuncaví;18596;10517;1750;0;0;62;0;0;0;0;293;315;146;5241;150
47;5;Valparaíso;51;Valparaíso;5107;Quintero;29082;15639;3581;0;0;237;0;0;0;0;435;511;314;8003;247
48;5;Valparaíso;51;Valparaíso;5109;Viña del Mar;285717;153783;27300;618;209;2225;265;486;0;0;2626;4915;1716;89463;1941
49;5;Valparaíso;52;Isla de Pascua;5201;Isla de Pascua;3767;2503;184;0;0;0;0;0;0;0;0;0;0;796;148
50;5;Valparaíso;53;Los Andes;5301;Los Andes;51830;32533;5441;81;0;314;0;71;0;0;414;900;216;11538;249
51;5;Valparaíso;53;Los Andes;5302;Calle Larga;13205;8881;1137;0;0;0;0;0;0;0;87;125;0;2834;38
52;5;Valparaíso;53;Los Andes;5303;Rinconada;9356;6696;709;0;0;0;0;0;0;0;0;75;0;1745;27
53;5;Valparaíso;53;Los Andes;5304;San Esteban;16286;11086;1772;0;0;0;0;0;0;0;86;140;0;3029;51
54;5;Valparaíso;54;Petorca;5401;La Ligua;32462;21247;3853;0;0;120;0;0;0;0;288;363;158;6228;107
55;5;Valparaíso;54;Petorca;5402;Cabildo;16386;10974;2493;0;0;69;0;0;0;0;138;0;0;2566;24
56;5;Valparaíso;54;Petorca;5403;Papudo;6227;4074;571;0;0;0;0;0;0;0;0;73;0;1356;12
57;5;Valparaíso;54;Petorca;5404;Petorca;8550;6626;612;0;0;0;0;0;0;0;93;0;0;1150;13
58;5;Valparaíso;54;Petorca;5405;Zapallar;6479;4137;644;0;0;0;0;0;0;0;0;0;0;1544;29
59;5;Valparaíso;55;Quillota;5501;Quillota;79663;49762;7884;58;0;630;0;83;0;0;825;1223;395;18164;534
60;5;Valparaíso;55;Quillota;5502;Calera;41562;24025;5868;0;0;178;0;0;0;0;340;397;173;10171;298
61;5;Valparaíso;55;Quillota;5503;Hijuelas;15698;9929;1696;0;0;0;0;0;0;0;164;156;0;3583;38
62;5;Valparaíso;55;Quillota;5504;La Cruz;19903;12565;1765;0;0;85;0;0;0;0;187;463;181;4554;49
63;5;Valparaíso;55;Quillota;5506;Nogales;18293;11500;2337;0;0;0;0;0;0;0;187;150;0;3838;120
64;5;Valparaíso;56;San Antonio;5601;San Antonio;78943;45372;10307;65;54;587;0;64;0;0;634;705;474;20212;420
65;5;Valparaíso;56;San Antonio;5602;Algarrobo;13660;8110;968;0;0;0;0;0;0;0;195;261;125;3721;134
66;5;Valparaíso;56;San Antonio;5603;Cartagena;20281;10651;2978;0;0;190;0;0;0;0;270;287;137;5581;132
67;5;Valparaíso;56;San Antonio;5604;El Quisco;16046;8465;1663;0;0;125;0;0;0;0;284;337;299;4626;146
68;5;Valparaíso;56;San Antonio;5605;El Tabo;13854;7021;1751;0;0;97;0;0;0;0;198;201;129;4298;94
69;5;Valparaíso;56;San Antonio;5606;Santo Domingo;10789;7553;664;0;0;0;0;0;0;0;104;102;60;2147;76
70;5;Valparaíso;57;San Felipe de Aconcagua;5701;San Felipe;65429;41538;6886;60;0;325;0;89;0;0;591;880;228;14426;325
71;5;Valparaíso;57;San Felipe de Aconcagua;5702;Catemu;11315;8537;695;0;0;0;0;0;0;0;118;53;0;1812;36
72;5;Valparaíso;57;San Felipe de Aconcagua;5703;Llaillay;20502;14397;1587;0;0;121;0;0;0;0;168;123;0;3937;61
73;5;Valparaíso;57;San Felipe de Aconcagua;5704;Panquehue;5956;4505;459;0;0;0;0;0;0;0;0;0;0;891;27
74;5;Valparaíso;57;San Felipe de Aconcagua;5705;Putaendo;14284;10230;1071;0;0;0;0;0;0;0;189;131;97;2446;42
75;5;Valparaíso;57;San Felipe de Aconcagua;5706;Santa María;12421;8883;1102;0;0;58;0;0;0;0;104;0;0;2183;26
76;5;Valparaíso;58;Marga Marga;5801;Quilpué;137102;68844;14722;148;64;1590;83;182;0;0;1630;2739;1132;44837;1082
77;5;Valparaíso;58;Marga Marga;5802;Limache;45844;25173;5133;0;0;312;0;75;0;0;478;652;280;13256;376
78;5;Valparaíso;58;Marga Marga;5803;Olmué;16440;9227;1451;0;0;154;0;0;0;0;217;140;88;4980;100
79;5;Valparaíso;58;Marga Marga;5804;Villa Alemana;115102;55572;12890;162;108;1576;94;127;0;0;1506;1745;890;39847;548
80;6;Libertador General Bernardo O'Higgins;61;Cachapoal;6101;Rancagua;211962;113558;32804;298;146;1325;256;324;0;0;1727;2890;1320;56193;1041
81;6;Libertador General Bernardo O'Higgins;61;Cachapoal;6102;Codegua;11440;7616;1669;0;0;69;0;0;0;0;89;0;0;1889;19
82;6;Libertador General Bernardo O'Higgins;61;Cachapoal;6103;Coinco;6583;4338;874;0;0;0;0;0;0;0;102;0;0;1142;26
83;6;Libertador General Bernardo O'Higgins;61;Cachapoal;6104;Coltauco;17506;12154;1917;0;0;0;0;0;0;0;161;99;74;2963;39
84;6;Libertador General Bernardo O'Higgins;61;Cachapoal;6105;Doñihue;17861;11625;2059;0;0;98;0;0;0;0;194;0;0;3692;60
85;6;Libertador General Bernardo O'Higgins;61;Cachapoal;6106;Graneros;28807;17406;3975;0;0;204;0;0;0;0;154;394;61;6367;179
86;6;Libertador General Bernardo O'Higgins;61;Cachapoal;6107;Las Cabras;22622;15516;2594;0;0;52;51;0;0;0;163;95;0;4049;44
87;6;Libertador General Bernardo O'Higgins;61;Cachapoal;6108;Machalí;48064;28449;5306;51;0;333;58;81;0;0;318;899;310;11934;282
88;6;Libertador General Bernardo O'Higgins;61;Cachapoal;6109;Malloa;11534;6918;2299;0;0;0;0;0;0;0;68;52;0;2100;11
89;6;Libertador General Bernardo O'Higgins;61;Cachapoal;6110;Mostazal;22266;13732;2733;0;0;123;0;0;0;0;279;166;121;5008;43
90;6;Libertador General Bernardo O'Higgins;61;Cachapoal;6111;Olivar;11423;7693;1467;0;0;0;0;0;0;0;163;0;83;1910;13
91;6;Libertador General Bernardo O'Higgins;61;Cachapoal;6112;Peumo;11810;8699;1307;0;0;54;0;0;0;0;76;0;0;1607;8
92;6;Libertador General Bernardo O'Higgins;61;Cachapoal;6113;Pichidegua;16905;11962;2757;0;0;64;0;0;0;0;80;0;0;1929;40
93;6;Libertador General Bernardo O'Higgins;61;Cachapoal;6114;Quinta de Tilcoco;11275;8444;945;0;0;0;0;0;0;0;118;0;0;1668;7
94;6;Libertador General Bernardo O'Higgins;61;Cachapoal;6115;Rengo;51417;28883;9478;0;0;279;0;0;0;0;321;288;373;11528;156
95;6;Libertador General Bernardo O'Higgins;61;Cachapoal;6116;Requínoa;23888;16058;3570;0;0;81;0;0;0;0;177;72;0;3779;49
96;6;Libertador General Bernardo O'Higgins;61;Cachapoal;6117;San Vicente;41074;29031;4314;0;0;136;0;0;0;0;370;179;159;6619;110
97;6;Libertador General Bernardo O'Higgins;62;Cardenal Caro;6201;Pichilemu;16282;10063;1419;0;0;93;0;0;0;0;196;224;197;3853;132
98;6;Libertador General Bernardo O'Higgins;62;Cardenal Caro;6202;La Estrella;3881;2690;404;0;0;0;0;0;0;0;58;0;0;626;5
99;6;Libertador General Bernardo O'Higgins;62;Cardenal Caro;6203;Litueche;7309;5026;706;0;0;0;0;0;0;0;123;54;0;1331;17
100;6;Libertador General Bernardo O'Higgins;62;Cardenal Caro;6204;Marchihue;7328;5405;671;0;0;0;0;0;0;0;124;0;0;1031;12
101;6;Libertador General Bernardo O'Higgins;62;Cardenal Caro;6205;Navidad;7418;4512;800;0;0;0;0;0;0;0;149;53;0;1804;8
102;6;Libertador General Bernardo O'Higgins;62;Cardenal Caro;6206;Paredones;6147;4206;796;0;0;0;0;0;0;0;66;0;0;996;9
103;6;Libertador General Bernardo O'Higgins;63;Colchagua;6301;San Fernando;61426;38548;7995;54;0;422;0;0;0;0;358;475;274;12803;356
104;6;Libertador General Bernardo O'Higgins;63;Colchagua;6302;Chépica;13103;10031;1287;0;0;0;0;0;0;0;61;0;0;1635;5
105;6;Libertador General Bernardo O'Higgins;63;Colchagua;6303;Chimbarongo;30661;20260;4791;0;0;124;0;0;0;0;201;0;0;5090;42
106;6;Libertador General Bernardo O'Higgins;63;Colchagua;6304;Lolol;6548;5079;774;0;0;0;0;0;0;0;0;0;0;603;7
107;6;Libertador General Bernardo O'Higgins;63;Colchagua;6305;Nancagua;15428;10745;2139;0;0;67;0;0;0;0;122;0;0;2198;60
108;6;Libertador General Bernardo O'Higgins;63;Colchagua;6306;Palmilla;10901;8267;1188;0;0;0;0;0;0;0;102;0;0;1236;21
109;6;Libertador General Bernardo O'Higgins;63;Colchagua;6307;Peralillo;10445;7716;1090;0;0;0;0;0;0;0;133;0;0;1357;10
110;6;Libertador General Bernardo O'Higgins;63;Colchagua;6308;Placilla;7799;6086;607;0;0;0;0;0;0;0;70;51;0;901;26
111;6;Libertador General Bernardo O'Higgins;63;Colchagua;6309;Pumanque;3890;3131;246;0;0;0;0;0;0;0;0;0;0;421;3
112;6;Libertador General Bernardo O'Higgins;63;Colchagua;6310;Santa Cruz;33908;23776;3708;0;0;140;0;0;0;0;247;147;96;5637;65
113;7;Maule;71;Talca;7101;Talca;191726;116627;26955;266;118;1142;61;209;0;0;1047;1978;1046;41416;822
114;7;Maule;71;Talca;7102;Constitución;38022;20639;8086;0;0;160;0;0;0;0;347;336;167;7941;258
115;7;Maule;71;Talca;7103;Curepto;8279;6695;588;0;0;0;0;0;0;0;58;0;0;887;4
116;7;Maule;71;Talca;7104;Empedrado;3285;1341;1251;0;0;0;0;0;0;0;0;0;0;670;2
117;7;Maule;71;Talca;7105;Maule;47407;27852;8584;57;0;299;0;0;0;0;340;377;194;9419;205
118;7;Maule;71;Talca;7106;Pelarco;7580;5449;913;0;0;0;0;0;0;0;75;0;0;1016;52
119;7;Maule;71;Talca;7107;Pencahue;7735;5490;1148;0;0;0;0;0;0;0;0;0;0;1002;7
120;7;Maule;71;Talca;7108;Río Claro;11838;7993;1918;0;0;0;0;0;0;0;132;0;60;1652;32
121;7;Maule;71;Talca;7109;San Clemente;38502;24884;7468;0;0;135;0;0;0;0;251;166;130;5240;141
122;7;Maule;71;Talca;7110;San Rafael;9101;5708;1688;0;0;0;0;0;0;0;90;0;0;1505;24
123;7;Maule;72;Cauquenes;7201;Cauquenes;35258;24154;5489;0;0;213;0;0;0;0;267;80;65;4838;58
124;7;Maule;72;Cauquenes;7202;Chanco;7877;4695;2170;0;0;0;0;0;0;0;57;0;0;879;1
125;7;Maule;72;Cauquenes;7203;Pelluhue;7081;4288;1221;0;0;0;0;0;0;0;88;52;0;1321;25
126;7;Maule;73;Curicó;7301;Curicó;130388;76125;20674;152;87;798;0;119;0;0;916;1175;820;29000;428
127;7;Maule;73;Curicó;7302;Hualañé;9072;6319;1237;0;0;0;0;0;0;0;77;70;0;1273;35
128;7;Maule;73;Curicó;7303;Licantén;5797;3929;789;0;0;0;0;0;0;0;61;0;0;908;8
129;7;Maule;73;Curicó;7304;Molina;40136;22618;8165;0;0;258;0;0;0;0;335;181;99;8195;195
130;7;Maule;73;Curicó;7305;Rauco;9362;6423;1199;0;0;0;0;0;0;0;129;0;0;1495;11
131;7;Maule;73;Curicó;7306;Romeral;14066;8938;2592;0;0;0;0;0;0;0;145;136;73;2098;23
132;7;Maule;73;Curicó;7307;Sagrada Familia;16169;11045;2667;0;0;0;0;0;0;0;68;0;60;2219;41
133;7;Maule;73;Curicó;7308;Teno;24961;17047;3593;0;0;102;0;0;0;0;218;95;56;3752;32
134;7;Maule;73;Curicó;7309;Vichuquén;4020;3119;334;0;0;0;0;0;0;0;0;0;0;457;8
135;7;Maule;74;Linares;7401;Linares;79023;48498;14371;90;65;455;0;0;0;0;575;529;340;13738;269
136;7;Maule;74;Linares;7402;Colbún;18488;10521;4669;0;0;82;0;0;0;0;143;0;100;2828;60
137;7;Maule;74;Linares;7403;Longaví;27463;15138;7580;0;0;104;0;0;0;0;199;107;0;4152;59
138;7;Maule;74;Linares;7404;Parral;37073;24300;6138;84;0;264;0;0;0;0;240;159;232;5516;83
139;7;Maule;74;Linares;7405;Retiro;18416;12389;3570;0;0;60;0;0;0;0;154;0;0;2097;36
140;7;Maule;74;Linares;7406;San Javier;40090;24952;6897;0;0;120;0;0;0;0;322;256;93;7219;143
141;7;Maule;74;Linares;7407;Villa Alegre;14682;8951;2950;0;0;0;0;0;0;0;175;0;0;2433;64
142;7;Maule;74;Linares;7408;Yerbas Buenas;16381;8875;4634;0;0;0;0;0;0;0;138;0;52;2550;35
143;8;Biobío;81;Concepción;8101;Concepción;198513;90479;42005;288;139;1881;68;271;0;0;1294;3252;1596;56471;665
144;8;Biobío;81;Concepción;8102;Coronel;98907;20034;54695;228;83;533;0;0;0;0;576;282;322;21958;135
145;8;Biobío;81;Concepción;8103;Chiguayante;71571;30496;18779;106;0;1032;0;0;0;0;798;998;731;18298;218
146;8;Biobío;81;Concepción;8104;Florida;10906;5528;3073;0;0;0;0;0;0;0;66;99;0;2015;13
147;8;Biobío;81;Concepción;8105;Hualqui;20906;7741;7125;0;0;303;0;0;0;0;162;80;55;5331;60
148;8;Biobío;81;Concepción;8106;Lota;33368;5791;20342;0;0;135;0;0;0;0;192;0;134;6593;37
149;8;Biobío;81;Concepción;8107;Penco;40446;14418;15521;69;0;592;0;0;0;0;265;347;286;8846;37
150;8;Biobío;81;Concepción;8108;San Pedro de La paz;120648;48125;35822;159;51;1153;52;115;0;0;729;2229;1427;30328;423
151;8;Biobío;81;Concepción;8109;Santa Juana;12244;3808;5693;0;0;55;0;0;0;0;79;93;0;2414;23
152;8;Biobío;81;Concepción;8110;Talcahuano;123113;53103;34726;196;75;1251;0;83;0;0;888;1000;697;30766;259
153;8;Biobío;81;Concepción;8111;Tomé;47650;15257;20144;92;0;540;0;0;0;0;375;394;169;10499;65
154;8;Biobío;81;Concepción;8112;Hualpén;73821;29942;21967;103;0;799;0;0;0;0;566;717;527;18931;163
155;8;Biobío;82;Arauco;8201;Lebu;20507;4115;12015;0;0;132;0;0;0;0;108;0;112;3893;17
156;8;Biobío;82;Arauco;8202;Arauco;30326;8811;15116;0;0;185;0;0;0;0;181;120;170;5627;42
157;8;Biobío;82;Arauco;8203;Cañete;27839;7718;13724;0;0;207;0;0;0;0;148;94;116;5744;25
158;8;Biobío;82;Arauco;8204;Contulmo;4921;1516;2401;0;0;0;0;0;0;0;0;0;52;867;8
159;8;Biobío;82;Arauco;8205;Curanilahue;25254;3144;15686;62;0;163;0;0;0;0;152;0;124;5813;27
160;8;Biobío;82;Arauco;8206;Los Álamos;17528;2526;10918;0;0;91;0;0;0;0;123;108;52;3636;29
161;8;Biobío;82;Arauco;8207;Tirúa;8075;1285;4029;0;0;0;0;0;0;0;0;0;137;2552;2
162;8;Biobío;83;Biobío;8301;Los Ángeles;177528;102239;41513;300;110;1313;99;97;0;0;1023;910;525;28804;560
163;8;Biobío;83;Biobío;8302;Antuco;3712;2340;733;0;0;0;0;0;0;0;53;0;0;527;19
164;8;Biobío;83;Biobío;8303;Cabrero;25729;12659;8273;0;0;157;0;0;0;0;256;90;82;4133;11
165;8;Biobío;83;Biobío;8304;Laja;19466;9976;6195;0;0;85;0;0;0;0;119;0;0;2937;31
166;8;Biobío;83;Biobío;8305;Mulchén;23785;12872;7094;0;0;143;0;0;0;0;164;0;0;3388;24
167;8;Biobío;83;Biobío;8306;Nacimiento;21273;7928;9569;0;0;118;0;0;0;0;86;71;98;3308;32
168;8;Biobío;83;Biobío;8307;Negrete;8754;3477;3980;0;0;0;0;0;0;0;76;0;0;1171;14
169;8;Biobío;83;Biobío;8308;Quilaco;3701;2599;511;0;0;0;0;0;0;0;0;0;0;524;6
170;8;Biobío;83;Biobío;8309;Quilleco;8127;5665;1677;0;0;0;0;0;0;0;0;0;0;701;8
171;8;Biobío;83;Biobío;8310;San Rosendo;3028;1659;855;0;0;0;0;0;0;0;0;0;0;462;2
172;8;Biobío;83;Biobío;8311;Santa Bárbara;11601;7543;2172;0;0;91;0;0;0;0;74;0;74;1590;22
173;8;Biobío;83;Biobío;8312;Tucapel;13065;7843;3138;0;0;0;0;0;0;0;131;0;0;1826;31
174;8;Biobío;83;Biobío;8313;Yumbel;19464;11478;4387;0;0;78;0;0;0;0;141;149;92;3071;33
175;8;Biobío;83;Biobío;8314;Alto Biobío;4594;1514;1794;0;0;0;0;0;0;0;69;0;135;1064;2
176;9;La Araucanía;91;Cautín;9101;Temuco;241672;109044;61902;434;137;1334;122;290;0;0;1332;2710;1989;60791;1452
177;9;La Araucanía;91;Cautín;9102;Carahue;20384;9320;7026;0;0;60;0;0;0;0;188;0;140;3494;79
178;9;La Araucanía;91;Cautín;9103;Cunco;15917;9404;3597;0;0;61;0;0;0;0;169;0;253;2274;69
179;9;La Araucanía;91;Cautín;9104;Curarrehue;6190;2705;1760;0;0;0;0;0;0;0;74;0;84;1519;16
180;9;La Araucanía;91;Cautín;9105;Freire;21787;10995;6354;0;0;52;0;0;0;0;233;76;136;3801;89
181;9;La Araucanía;91;Cautín;9106;Galvarino;10258;4459;3861;0;0;0;0;0;0;0;75;0;51;1746;17
182;9;La Araucanía;91;Cautín;9107;Gorbea;11872;7548;1955;0;0;66;0;0;0;0;71;0;0;2130;31
183;9;La Araucanía;91;Cautín;9108;Lautaro;33705;15969;10212;0;0;177;0;0;0;0;318;104;148;6577;111
184;9;La Araucanía;91;Cautín;9109;Loncoche;20742;10515;5545;0;0;98;0;0;0;0;191;96;231;3899;111
185;9;La Araucanía;91;Cautín;9110;Melipeuco;5588;3369;1056;0;0;0;0;0;0;0;0;0;80;979;16
186;9;La Araucanía;91;Cautín;9111;Nueva Imperial;27756;12782;8530;0;0;116;0;0;0;0;237;98;215;5616;80
187;9;La Araucanía;91;Cautín;9112;Padre Las Casas;64674;28817;19143;110;0;264;0;0;0;0;430;454;814;14412;150
188;9;La Araucanía;91;Cautín;9113;Perquenco;6055;3229;1765;0;0;0;0;0;0;0;61;0;0;904;16
189;9;La Araucanía;91;Cautín;9114;Pitrufquén;22244;11178;5905;0;0;145;0;0;0;0;208;116;172;4348;125
190;9;La Araucanía;91;Cautín;9115;Pucón;26138;12365;3934;0;0;94;0;84;0;0;401;392;320;8261;205
191;9;La Araucanía;91;Cautín;9116;Saavedra;10525;5107;3202;0;0;0;0;0;0;0;121;0;168;1848;31
192;9;La Araucanía;91;Cautín;9117;Teodoro Schmidt;12851;6422;3969;0;0;0;0;0;0;0;111;0;123;2157;16
193;9;La Araucanía;91;Cautín;9118;Toltén;8332;3994;2711;0;0;0;0;0;0;0;63;0;61;1459;7
194;9;La Araucanía;91;Cautín;9119;Vilcún;25456;13599;6634;56;0;68;0;0;0;0;263;66;193;4475;53
195;9;La Araucanía;91;Cautín;9120;Villarrica;54547;27525;11257;57;0;299;0;73;0;0;871;539;524;13044;290
196;9;La Araucanía;91;Cautín;9121;Cholchol;10484;3976;3899;0;0;0;0;0;0;0;91;63;173;2214;30
197;9;La Araucanía;92;Malleco;9201;Angol;43215;21167;12563;62;0;516;0;0;0;0;271;127;138;8094;203
198;9;La Araucanía;92;Malleco;9202;Collipulli;19737;7355;7460;0;0;111;0;0;0;0;194;0;66;4352;88
199;9;La Araucanía;92;Malleco;9203;Curacautín;15351;8611;3453;0;0;0;0;0;0;0;128;121;171;2742;41
200;9;La Araucanía;92;Malleco;9204;Ercilla;6159;2683;1914;0;0;0;0;0;0;0;64;0;107;1348;18
201;9;La Araucanía;92;Malleco;9205;Lonquimay;8173;3862;2666;0;0;0;0;0;0;0;59;0;62;1455;36
202;9;La Araucanía;92;Malleco;9206;Los Sauces;6034;2920;2260;0;0;0;0;0;0;0;0;0;0;742;14
203;9;La Araucanía;92;Malleco;9207;Lumaco;7583;3331;2814;0;0;0;0;0;0;0;0;0;102;1269;23
204;9;La Araucanía;92;Malleco;9208;Purén;9925;3573;4351;0;0;0;0;0;0;0;68;0;0;1823;15
205;9;La Araucanía;92;Malleco;9209;Renaico;8674;3380;3329;0;0;125;0;0;0;0;59;0;0;1715;27
206;9;La Araucanía;92;Malleco;9210;Traiguén;15413;7716;4698;0;0;126;0;0;0;0;112;0;82;2554;70
207;9;La Araucanía;92;Malleco;9211;Victoria;28246;14984;7331;0;0;246;0;0;0;0;173;119;379;4878;70
208;10;Los Lagos;101;Llanquihue;10101;Puerto Montt;225780;130616;35933;278;151;1373;86;216;0;0;1160;1120;775;52687;1315
209;10;Los Lagos;101;Llanquihue;10102;Calbuco;30046;21212;4293;0;0;75;0;0;0;0;197;0;0;4063;67
210;10;Los Lagos;101;Llanquihue;10103;Cochamó;3612;2559;245;0;0;0;0;0;0;0;0;0;0;740;6
211;10;Los Lagos;101;Llanquihue;10104;Fresia;10285;5979;2455;0;0;0;0;0;0;0;0;0;0;1718;20
212;10;Los Lagos;101;Llanquihue;10105;Frutillar;18210;9442;4593;0;0;164;0;0;0;0;198;0;52;3570;85
213;10;Los Lagos;101;Llanquihue;10106;Los Muermos;14275;8934;3147;0;0;0;0;0;0;0;96;0;0;1996;14
214;10;Los Lagos;101;Llanquihue;10107;Llanquihue;14934;8166;3848;0;0;112;0;0;0;0;100;0;73;2524;54
215;10;Los Lagos;101;Llanquihue;10108;Maullín;12671;8135;2712;0;0;0;0;0;0;0;96;0;0;1648;6
216;10;Los Lagos;101;Llanquihue;10109;Puerto Varas;42292;25083;5499;98;0;370;0;86;0;0;311;326;134;9994;312
217;10;Los Lagos;102;Chiloé;10201;Castro;38784;23944;5223;0;0;253;0;0;0;0;254;233;164;8354;240
218;10;Los Lagos;102;Chiloé;10202;Ancud;34245;23336;3949;0;0;129;0;0;0;0;235;162;135;6075;140
219;10;Los Lagos;102;Chiloé;10203;Chonchi;13358;9121;1764;0;0;0;0;0;0;0;73;0;0;2214;42
220;10;Los Lagos;102;Chiloé;10204;Curaco de Vélez;3075;2456;272;0;0;0;0;0;0;0;0;0;0;308;4
221;10;Los Lagos;102;Chiloé;10205;Dalcahue;12216;8687;1462;0;0;0;0;0;0;0;85;0;0;1831;34
222;10;Los Lagos;102;Chiloé;10206;Puqueldón;3425;2668;359;0;0;0;0;0;0;0;0;0;0;334;6
223;10;Los Lagos;102;Chiloé;10207;Queilén;4747;3463;620;0;0;0;0;0;0;0;0;0;0;589;5
224;10;Los Lagos;102;Chiloé;10208;Quellón;22823;12334;5491;0;0;111;0;0;0;0;96;67;61;4519;98
225;10;Los Lagos;102;Chiloé;10209;Quemchi;7174;5717;568;0;0;0;0;0;0;0;79;0;0;733;4
226;10;Los Lagos;102;Chiloé;10210;Quinchao;6539;5271;533;0;0;0;0;0;0;0;0;0;0;644;18
227;10;Los Lagos;103;Osorno;10301;Osorno;138023;74998;25586;152;73;1162;68;103;0;0;990;521;637;32942;761
228;10;Los Lagos;103;Osorno;10302;Puerto Octay;7385;4567;1468;0;0;0;0;0;0;0;60;0;0;1154;30
229;10;Los Lagos;103;Osorno;10303;Purranque;16248;8333;4732;0;0;109;0;0;0;0;93;0;59;2823;40
230;10;Los Lagos;103;Osorno;10304;Puyehue;9699;4897;2592;0;0;0;0;0;0;0;79;0;55;1965;13
231;10;Los Lagos;103;Osorno;10305;Río Negro;11596;5958;2925;0;0;99;0;0;0;0;73;0;0;2426;56
232;10;Los Lagos;103;Osorno;10306;San Juan de la Costa;6711;2860;1952;0;0;0;0;0;0;0;60;0;91;1679;17
233;10;Los Lagos;103;Osorno;10307;San Pablo;9079;5243;2014;0;0;0;0;0;0;0;81;0;56;1605;31
234;10;Los Lagos;104;Palena;10401;Chaitén;3341;2099;473;0;0;0;0;0;0;0;0;0;0;643;42
235;10;Los Lagos;104;Palena;10402;Futaleufú;2483;1083;635;0;0;0;0;0;0;0;0;0;0;715;9
236;10;Los Lagos;104;Palena;10403;Hualaihué;7782;5230;1036;0;0;0;0;0;0;0;58;0;0;1367;10
237;10;Los Lagos;104;Palena;10404;Palena;1608;816;312;0;0;0;0;0;0;0;0;0;0;454;2
238;11;Aysén del General Carlos Ibáñez del Campo;111;Coyhaique;11101;Coyhaique;46603;23773;6698;0;0;312;0;67;0;0;226;284;202;14679;268
239;11;Aysén del General Carlos Ibáñez del Campo;111;Coyhaique;11102;Lago Verde;692;435;54;0;0;0;0;0;0;0;0;0;0;179;2
240;11;Aysén del General Carlos Ibáñez del Campo;112;Aysén;11201;Aysén;18711;10251;2698;0;0;168;0;0;0;0;112;103;0;5178;108
241;11;Aysén del General Carlos Ibáñez del Campo;112;Aysén;11202;Cisnes;4188;2124;761;0;0;0;0;0;0;0;0;0;0;1152;8
242;11;Aysén del General Carlos Ibáñez del Campo;112;Aysén;11203;Guaitecas;1315;785;310;0;0;0;0;0;0;0;0;0;0;210;0
243;11;Aysén del General Carlos Ibáñez del Campo;113;Capitán Prat;11301;Cochrane;2778;1472;326;0;0;0;0;0;0;0;0;0;0;898;4
244;11;Aysén del General Carlos Ibáñez del Campo;113;Capitán Prat;11302;O'Higgins;515;269;60;0;0;0;0;0;0;0;0;0;0;180;1
245;11;Aysén del General Carlos Ibáñez del Campo;113;Capitán Prat;11303;Tortel;398;214;0;0;0;0;0;0;0;0;0;0;0;139;0
246;11;Aysén del General Carlos Ibáñez del Campo;114;General Carrera;11401;Chile Chico;4043;2213;616;0;0;0;0;0;0;0;0;0;0;1095;24
247;11;Aysén del General Carlos Ibáñez del Campo;114;General Carrera;11402;Río Ibáñez;2303;1308;303;0;0;0;0;0;0;0;0;0;0;630;5
248;12;Magallanes y de la Antártica Chilena;121;Magallanes;12101;Punta Arenas;110630;69059;9774;105;68;868;53;109;0;0;805;1500;541;26948;738
249;12;Magallanes y de la Antártica Chilena;121;Magallanes;12102;Laguna Blanca;248;153;0;0;0;0;0;0;0;0;0;0;0;51;8
250;12;Magallanes y de la Antártica Chilena;121;Magallanes;12103;Río Verde;96;66;0;0;0;0;0;0;0;0;0;0;0;0;0
251;12;Magallanes y de la Antártica Chilena;121;Magallanes;12104;San Gregorio;208;154;0;0;0;0;0;0;0;0;0;0;0;0;0
252;12;Magallanes y de la Antártica Chilena;122;Antártica Chilena;12201;Cabo de Hornos;1303;760;192;0;0;0;0;0;0;0;0;0;0;310;5
253;12;Magallanes y de la Antártica Chilena;122;Antártica Chilena;12202;Antártica;60;0;0;0;0;0;0;0;0;0;0;0;0;0;0
254;12;Magallanes y de la Antártica Chilena;123;Tierra del Fuego;12301;Porvenir;5508;3474;631;0;0;66;0;0;0;0;0;0;0;1234;10
255;12;Magallanes y de la Antártica Chilena;123;Tierra del Fuego;12302;Primavera;347;254;0;0;0;0;0;0;0;0;0;0;0;62;0
256;12;Magallanes y de la Antártica Chilena;123;Tierra del Fuego;12303;Timaukel;130;87;0;0;0;0;0;0;0;0;0;0;0;0;0
257;12;Magallanes y de la Antártica Chilena;124;Última Esperanza;12401;Natales;20028;12303;2262;0;0;81;0;0;0;0;178;144;107;4830;88
258;12;Magallanes y de la Antártica Chilena;124;Última Esperanza;12402;Torres del Paine;180;117;0;0;0;0;0;0;0;0;0;0;0;51;1
259;13;Metropolitana de Santiago;131;Santiago;13101;Santiago;383154;194071;37216;687;557;1734;398;1478;438;85;2039;10174;3469;127783;3025
260;13;Metropolitana de Santiago;131;Santiago;13102;Cerrillos;69179;32985;13487;80;0;457;0;60;0;0;463;1326;452;19240;548
261;13;Metropolitana de Santiago;131;Santiago;13103;Cerro Navia;104884;45880;25185;153;57;543;0;62;0;0;816;818;575;29808;937
262;13;Metropolitana de Santiago;131;Santiago;13104;Conchalí;101479;55035;13900;151;66;780;57;99;0;0;1074;1583;606;27605;504
263;13;Metropolitana de Santiago;131;Santiago;13105;El Bosque;127748;56344;24813;182;101;981;78;100;0;0;970;1451;833;41136;741
264;13;Metropolitana de Santiago;131;Santiago;13106;Estación Central;149874;83784;20449;237;161;772;87;177;0;0;896;3266;912;37509;1570
265;13;Metropolitana de Santiago;131;Santiago;13107;Huechuraba;82349;44361;10523;146;0;411;91;105;0;0;479;1241;462;23989;496
266;13;Metropolitana de Santiago;131;Santiago;13108;Independencia;96468;55731;9926;162;90;464;75;89;0;0;819;2597;703;25144;633
267;13;Metropolitana de Santiago;131;Santiago;13109;La Cisterna;86020;44506;10719;123;52;789;72;127;0;0;670;1862;711;25347;1002
268;13;Metropolitana de Santiago;131;Santiago;13110;La Florida;316074;162605;36153;378;198;2140;222;531;86;56;3003;7245;2719;98516;2222
269;13;Metropolitana de Santiago;131;Santiago;13111;La Granja;93030;44041;16473;121;0;554;72;76;0;0;1153;1231;527;28094;618
270;13;Metropolitana de Santiago;131;Santiago;13112;La Pintana;139681;54814;35464;180;76;649;532;59;0;0;939;1174;1004;43853;909
271;13;Metropolitana de Santiago;131;Santiago;13113;La Reina;75213;39843;4487;395;0;308;143;247;55;0;334;2078;624;25987;646
272;13;Metropolitana de Santiago;131;Santiago;13114;Las Condes;254303;158159;9544;3467;260;618;881;852;354;98;873;4087;1426;71172;2512
273;13;Metropolitana de Santiago;131;Santiago;13115;Lo Barnechea;89978;62343;5058;2723;80;209;199;176;0;0;209;524;263;16698;1405
274;13;Metropolitana de Santiago;131;Santiago;13116;Lo Espejo;71890;29248;16336;106;0;331;0;0;0;0;622;568;485;23669;411
275;13;Metropolitana de Santiago;131;Santiago;13117;Lo Prado;76966;39030;13065;112;57;387;0;58;0;0;600;1613;534;21003;462
276;13;Metropolitana de Santiago;131;Santiago;13118;Macul;105819;55295;10494;153;86;703;82;203;0;0;866;2084;871;34055;845
277;13;Metropolitana de Santiago;131;Santiago;13119;Maipú;422663;220815;49567;492;233;2574;223;495;97;52;3381;9130;3681;129634;2289
278;13;Metropolitana de Santiago;131;Santiago;13120;Ñuñoa;210329;102633;9588;601;262;669;440;848;123;83;1002;5335;2228;84672;1845
279;13;Metropolitana de Santiago;131;Santiago;13121;Pedro Aguirre Cerda;80639;38624;14984;94;0;462;0;54;0;0;633;1175;770;23197;541
280;13;Metropolitana de Santiago;131;Santiago;13122;Peñalolén;196356;96247;27162;302;97;902;190;233;0;0;1482;3533;1763;63052;1265
281;13;Metropolitana de Santiago;131;Santiago;13123;Providencia;126851;60026;4325;805;160;374;354;711;180;66;331;2715;1309;54798;697
282;13;Metropolitana de Santiago;131;Santiago;13124;Pudahuel;187279;91019;30545;287;107;903;90;220;0;0;1454;3168;1469;56715;1241
283;13;Metropolitana de Santiago;131;Santiago;13125;Quilicura;166447;81796;26222;180;97;1105;81;164;0;0;1527;3051;1044;50213;933
284;13;Metropolitana de Santiago;131;Santiago;13126;Quinta Normal;107287;57869;13618;163;63;562;69;103;0;0;953;2010;767;30025;1026
285;13;Metropolitana de Santiago;131;Santiago;13127;Recoleta;129129;67165;17171;153;118;777;264;184;0;0;1058;1831;882;38110;1360
286;13;Metropolitana de Santiago;131;Santiago;13128;Renca;115919;57767;20902;126;60;743;55;94;0;0;965;1559;574;32394;656
287;13;Metropolitana de Santiago;131;Santiago;13129;San Joaquín;80750;41896;11550;107;0;411;0;112;0;0;819;1378;733;23124;491
288;13;Metropolitana de Santiago;131;Santiago;13130;San Miguel;127267;68077;11660;204;97;737;150;262;0;0;736;2952;925;40232;1158
289;13;Metropolitana de Santiago;131;Santiago;13131;San Ramón;63511;29343;13024;86;0;361;0;0;0;0;657;720;480;18297;434
290;13;Metropolitana de Santiago;131;Santiago;13132;Vitacura;71405;48808;2295;1196;72;0;312;220;83;0;187;795;379;16159;811
291;13;Metropolitana de Santiago;132;Cordillera;13201;Puente Alto;463785;229043;66708;505;220;3360;338;484;0;0;4846;7633;3671;144177;2672
292;13;Metropolitana de Santiago;132;Cordillera;13202;Pirque;23611;14206;2218;0;0;132;0;0;0;0;186;239;163;6154;172
293;13;Metropolitana de Santiago;132;Cordillera;13203;San José de Maipo;14509;7754;1075;0;0;68;0;51;0;0;114;147;114;5058;89
294;13;Metropolitana de Santiago;133;Chacabuco;13301;Colina;132087;74361;20402;330;83;493;125;123;0;0;565;1039;265;33303;957
295;13;Metropolitana de Santiago;133;Chacabuco;13302;Lampa;110098;53519;19024;154;71;662;93;103;0;0;917;1585;606;32575;763
296;13;Metropolitana de Santiago;133;Chacabuco;13303;Tiltil;15841;9321;1921;0;0;106;0;0;0;0;195;143;92;3983;38
297;13;Metropolitana de Santiago;134;Maipo;13401;San Bernardo;245566;112176;53630;276;182;1867;158;182;0;0;1782;2709;1612;69235;1692
298;13;Metropolitana de Santiago;134;Maipo;13402;Buin;92050;53718;11771;103;0;700;57;62;0;0;564;712;243;23485;568
299;13;Metropolitana de Santiago;134;Maipo;13403;Calera de Tango;20898;11880;2890;0;0;79;0;0;0;0;176;253;250;5166;121
300;13;Metropolitana de Santiago;134;Maipo;13404;Paine;63489;39244;8493;80;0;316;0;0;0;0;542;554;220;13450;461
301;13;Metropolitana de Santiago;135;Melipilla;13501;Melipilla;109906;72508;12708;152;88;725;0;87;0;0;932;798;260;20886;678
302;13;Metropolitana de Santiago;135;Melipilla;13502;Alhué;6157;4259;615;0;0;0;0;0;0;0;77;0;0;1089;14
303;13;Metropolitana de Santiago;135;Melipilla;13503;Curacaví;28709;17066;3083;0;0;181;0;0;0;0;233;291;130;7469;152
304;13;Metropolitana de Santiago;135;Melipilla;13504;María Pinto;12452;8416;1704;0;0;0;0;0;0;0;90;0;0;2073;30
305;13;Metropolitana de Santiago;135;Melipilla;13505;San Pedro;8974;6108;1348;0;0;0;0;0;0;0;54;0;0;1319;37
306;13;Metropolitana de Santiago;136;Talagante;13601;Talagante;61956;35504;8264;65;0;441;0;97;0;0;412;679;242;15797;383
307;13;Metropolitana de Santiago;136;Talagante;13602;El Monte;29969;17681;4592;0;0;192;0;0;0;0;197;245;189;6563;207
308;13;Metropolitana de Santiago;136;Talagante;13603;Isla de Maipo;31767;18212;4786;52;0;211;0;0;0;0;284;238;58;7722;145
309;13;Metropolitana de Santiago;136;Talagante;13604;Padre Hurtado;63762;32088;9528;79;0;381;65;65;0;0;545;1083;499;19029;342
310;13;Metropolitana de Santiago;136;Talagante;13605;Peñaflor;76657;42004;9505;92;0;587;0;133;0;0;696;926;357;21866;404
311;14;Los Ríos;141;Valdivia;14101;Valdivia;142566;61995;31008;221;83;1118;89;233;0;0;975;1253;966;43704;858
312;14;Los Ríos;141;Valdivia;14102;Corral;4636;2223;1224;0;0;0;0;0;0;0;0;0;0;1093;11
313;14;Los Ríos;141;Valdivia;14103;Lanco;13816;7353;2986;0;0;78;0;0;0;0;185;0;155;2951;47
314;14;Los Ríos;141;Valdivia;14104;Los Lagos;17531;6652;6736;0;0;73;0;0;0;0;83;91;71;3740;35
315;14;Los Ríos;141;Valdivia;14105;Máfil;6633;3707;1663;0;0;0;0;0;0;0;0;0;0;1146;9
316;14;Los Ríos;141;Valdivia;14106;Mariquina;18395;9659;5163;0;0;76;0;0;0;0;77;72;106;3075;134
317;14;Los Ríos;141;Valdivia;14107;Paillaco;16321;7061;5004;0;0;73;0;0;0;0;97;0;0;3927;48
318;14;Los Ríos;141;Valdivia;14108;Panguipulli;28566;14026;7402;0;0;170;0;0;0;0;354;79;532;5826;125
319;14;Los Ríos;142;Ranco;14201;La Unión;32189;17560;7408;0;0;256;0;0;0;0;200;119;107;6409;74
320;14;Los Ríos;142;Ranco;14202;Futrono;12499;4300;5868;0;0;51;0;0;0;0;108;0;0;2070;22
321;14;Los Ríos;142;Ranco;14203;Lago Ranco;8625;2674;3848;0;0;0;0;0;0;0;128;0;71;1774;32
322;14;Los Ríos;142;Ranco;14204;Río Bueno;27741;15467;6733;0;0;213;0;0;0;0;132;55;110;4946;34
323;15;Arica y Parinacota;151;Arica;15101;Arica;194102;108892;24992;222;158;2385;101;166;0;0;3264;4696;811;46687;1641
324;15;Arica y Parinacota;151;Arica;15102;Camarones;755;528;116;0;0;0;0;0;0;0;0;0;0;84;1
325;15;Arica y Parinacota;152;Parinacota;15201;Putre;1297;665;375;0;0;0;0;0;0;0;0;0;0;225;11
326;15;Arica y Parinacota;152;Parinacota;15202;General Lagos;385;196;128;0;0;0;0;0;0;0;0;0;0;53;0
327;16;Ñuble;161;Diguillín;16101;Chillán;157261;79517;34956;203;98;1203;55;116;0;0;812;1307;949;37341;649
328;16;Ñuble;161;Diguillín;16102;Bulnes;19724;11324;4550;0;0;102;0;0;0;0;183;98;0;3336;37
329;16;Ñuble;161;Diguillín;16103;Chillán Viejo;26676;13553;6564;0;0;200;0;0;0;0;205;169;67;5793;71
330;16;Ñuble;161;Diguillín;16104;El Carmen;10991;8041;1557;0;0;0;0;0;0;0;65;0;0;1229;10
331;16;Ñuble;161;Diguillín;16105;Pemuco;7413;4827;1414;0;0;0;0;0;0;0;80;0;0;1032;24
332;16;Ñuble;161;Diguillín;16106;Pinto;10496;6678;1574;0;0;0;0;0;0;0;133;77;0;1929;51
333;16;Ñuble;161;Diguillín;16107;Quillón;16153;8611;3935;0;0;123;0;0;0;0;141;95;0;3091;63
334;16;Ñuble;161;Diguillín;16108;San Ignacio;14613;10218;2492;0;0;0;0;0;0;0;80;0;0;1651;32
335;16;Ñuble;161;Diguillín;16109;Yungay;15615;9540;2870;0;0;57;0;0;0;0;185;0;0;2825;45
336;16;Ñuble;162;Itata;16201;Quirihue;9831;6728;1762;0;0;0;0;0;0;0;90;0;0;1156;6
337;16;Ñuble;162;Itata;16202;Cobquecura;4757;3332;560;0;0;0;0;0;0;0;57;0;0;745;3
338;16;Ñuble;162;Itata;16203;Coelemu;13198;3892;6400;0;0;75;0;0;0;0;0;0;0;2699;26
339;16;Ñuble;162;Itata;16204;Ninhue;4920;3140;1031;0;0;0;0;0;0;0;63;0;0;655;3
340;16;Ñuble;162;Itata;16205;Portezuelo;4465;2808;1069;0;0;0;0;0;0;0;0;0;0;508;3
341;16;Ñuble;162;Itata;16206;Ránquil;5459;2194;2198;0;0;0;0;0;0;0;0;0;0;963;9
342;16;Ñuble;162;Itata;16207;Trehuaco;5179;2172;2021;0;0;0;0;0;0;0;0;0;0;918;6
343;16;Ñuble;163;Punilla;16301;San Carlos;46341;25724;11155;109;0;175;0;0;0;0;284;125;128;8451;144
344;16;Ñuble;163;Punilla;16302;Coihueco;24274;10832;7891;0;0;128;0;0;0;0;129;95;108;4953;91
345;16;Ñuble;163;Punilla;16303;Ñiquén;10821;6727;2292;0;0;0;0;0;0;0;110;0;0;1577;21
346;16;Ñuble;163;Punilla;16304;San Fabián;4295;2543;743;0;0;0;0;0;0;0;0;0;0;882;4
347;16;Ñuble;163;Punilla;16305;San Nicolás;12511;6189;3278;0;0;52;0;0;0;0;123;51;0;2706;45